score,keyword
9.0,voicemails intractable laptops
9.0,unscary scripted event
9.0,secret evil plans
9.0,remote bombs packed
9.0,pixelperfect stencil shadowing
9.0,phantasms appear outside
9.0,norton mapes whos
9.0,nasty ghost fellows
9.0,menus thanks god
9.0,max payne trilogy
9.0,giant belt buckle
9.0,fettel paranormal entities
9.0,excellent stepping stone
9.0,emphasize precision adding
9.0,downloading thirdparty patches
9.0,chasing paxton fettel
9.0,candle lit lamp
9.0,added hilarious ragdolls
8.857142857142858,overpowered killing machine
8.833333333333334,ladders throws grenades
8.833333333333334,jawdropping sights takes
8.833333333333334,grenades midair commit
8.8,pitch black shadows
8.75,erry monster coming
8.75,common assault rifles
8.75,certain telepathic individual
8.727272727272727,guy standing ato
8.727272727272727,evil cannibal guy
8.714285714285715,occasional paranormal thingie
8.666666666666666,wonderfully paced narrative
8.666666666666666,slo mo refills
8.666666666666666,slightly darker vibe
8.666666666666666,setting compatibility modes
8.666666666666666,respawn slightly backwards
8.666666666666666,iron sights view
8.666666666666666,hallwayofficesewerabandoned building filled
8.666666666666666,disable fullscreen optimizations
8.666666666666666,dimly lit hallway
8.666666666666666,dilapidated apartment building
8.666666666666666,detain alma wade
8.666666666666666,cs maps hated
8.666666666666666,community patch tldr
8.666666666666666,campaign pales compared
8.666666666666666,bug ridden ports
8.666666666666666,awhile common soldiers
8.613636363636363,shiny turd even
8.613636363636363,even smaller pool
8.613636363636363,densely packed even
8.613636363636363,ages even appearing
8.607142857142858,really write home
8.6,many flickering lights
8.6,many environmental objects
8.6,loses charm many
8.6,hard adding granades
8.59375,tactical shooter aim
8.59375,drab military shooter
8.583333333333334,assault rifles grenades
8.571428571428571,regular super solders
8.571428571428571,pretty tactical theme
8.571428571428571,pretty beefy computer
8.571428571428571,etc pretty solid
8.555555555555555,insane lighting capabilities
8.55,worst level designs
8.55,level designers expected
8.55,gut level desing
8.55,dumb black fog
8.51063829787234,sells fear along
8.51063829787234,completed fear shortly
8.5,worked quality hwow
8.5,surpasses recent games
8.5,sub machine gun
8.5,street walls repeated
8.5,sprint function makes
8.5,slightest shotguns blow
8.5,scaling elevator shafts
8.5,rose tinted goggles
8.5,retarded ass name
8.5,poor bastards stood
8.5,pet hates towards
8.5,painfully uboringu h
8.5,maximum security prison
8.5,max payne games
8.5,machine gun ranging
8.5,lauded nearly universally
8.5,largely remained baffled
8.5,hardly matter anyway
8.5,games central mysterytwist
8.5,fucking daedalus google
8.5,effect changes tick
8.5,downloaded added something
8.5,disposable helicopters must
8.5,cuz someone thought
8.5,blows peoples minds
8.5,beloved olist exactly
8.477272727272727,one lives forever
8.470588235294118,still confusing therefore
8.466666666666667,shoot incoming projectiles
8.464285714285715,memorable design choices
8.461538461538462,dificulty increase overall
8.444444444444445,character suddenly finds
8.444444444444445,character purposefully shaking
8.4375,playing duke nukem
8.4375,emotion creatures get
8.434782608695652,story desperately crying
8.434782608695652,ground breaking back
8.434782608695652,basic conventional story
8.433333333333334,much talent evaporated
8.433333333333334,developments much laterat
8.428571428571429,realize im suppose
8.428571428571429,payday im uncertain
8.427631578947368,unity tutorial game
8.427631578947368,nd game learned
8.427631578947368,lousy game heavens
8.427631578947368,game icani achieve
8.423076923076923,also pleasantly surprised
8.421052631578947,well placed shots
8.416666666666666,normal human beings
8.4,goes nowhere execpt
8.384615384615385,mindlessly slow drudgery
8.378378378378379,reactive ai showing
8.378378378378379,amazingly programmed ai
8.375,another joyless npc
8.366666666666667,would immediately suggest
8.363636363636363,finally move onto
8.363636363636363,even remotely memorable
8.357142857142858,encounter killing machines
8.35483870967742,enemies rag doll
8.34375,twitchy pc shooter
8.333333333333334,turd rip monolith
8.333333333333334,title acronym spells
8.333333333333334,tensionless minimum thats
8.333333333333334,taking note unfortunately
8.333333333333334,sequel final verdict
8.333333333333334,others appearing commonly
8.333333333333334,large chunks blown
8.333333333333334,gog version share
8.333333333333334,contradictory statement right
8.333333333333334,clumsy semicutscenes used
8.333333333333334,began loosing interest
8.333333333333332,grenadespamming soldiers robots
8.333333333333332,disable important devices
8.327922077922079,generation behind even
8.321428571428571,subtitles dont scale
8.321428571428571,first max payne
8.316666666666666,takes like shots
8.31578947368421,shooting cloned supersoldiers
8.3,drab office interiors
8.296875,horror falls flat
8.285714285714285,simply sits behind
8.28030303030303,hitting noise even
8.28030303030303,even funny anymore
8.266666666666666,grey goo anymore
8.265993265993266,mm feel nice
8.264285714285714,level design flaws
8.264285714285714,level design allows
8.260416666666666,drab dull shooter
8.25974025974026,occasional boss every
8.25,using cheat codes
8.25,soon wiped clean
8.25,reach certain points
8.25,make precise shots
8.25,frames per second
8.25,foreboding atmosphere unfortunately
8.25,fat dumb nerd
8.25,face fo free
8.245791245791246,bad guy figure
8.243506493506494,really nice thought
8.238095238095237,felt pretty canned
8.237911025145067,fear doenst hold
8.235294117647058,messages youre free
8.233333333333334,intelligently use grenades
8.233333333333334,dumb setback like
8.222222222222221,scenes dynamic lighting
8.214285714285715,unfortunately doesnt live
8.214285714285715,nicely put together
8.214285714285715,cheap design tricks
8.209134615384615,guns military shooter
8.207142857142857,tried really hard
8.204545454545453,follow one guy
8.201058201058201,feel terrorh sure
8.201058201058201,feel simply shoedin
8.2,wasnt particularly engaging
8.2,semiboss turret sections
8.2,satisfying went pulled
8.2,random ear rapes
8.2,generically decorated locations
8.2,criminally short clocking
8.194444444444445,odds always seem
8.194444444444445,long range pew
8.19047619047619,killing human soldiers
8.183238636363637,scripts horror elements
8.183238636363637,horror elements lift
8.177631578947368,game fell flat
8.177631578947368,game falls flat
8.17142857142857,many different publishers
8.169191919191919,maybe even figure
8.166666666666666,usually loves horrors
8.166666666666666,slowly moving phantasms
8.166666666666666,quickly escape amusing
8.166666666666666,nostalgia leads us
8.166666666666666,logitech devices prevents
8.166666666666666,kill paxton fettel
8.166666666666666,fight robots etc
8.166666666666666,dull mazelike complexes
8.166666666666666,causing framerate issues
8.153439153439153,didnt feel suspenseful
8.151515151515152,fps tldr jumpscares
8.15151515151515,fps drop bug
8.15,spot light coming
8.15,felt like labyrinths
8.15,actions like noise
8.149999999999999,fine folks like
8.14375,basic shooter level
8.139194139194139,guns didnt matter
8.137123745819398,guns nothing changes
8.12962962962963,feel compelled save
8.125661375661377,really bad shading
8.125,truly incredible stuff
8.125,lack thereof throughout
8.125,hallucinations peppered throughout
8.121739130434783,generic mute nothing
8.121428571428572,dont particularly appreciate
8.117781155015198,fear really shows
8.115384615384615,guns ran dry
8.11111111111111,always loads medkits
8.11063829787234,sense fear started
8.107142857142858,really stupid points
8.107142857142858,really cool glass
8.107142857142858,levels pc gamers
8.104166666666666,great wtf segments
8.101449275362318,quickstrange story beat
8.1,stay alive none
8.1,scifi run gun
8.097222222222221,consistently good throughout
8.095238095238095,nonbranching corridors compared
8.095238095238095,dark ambient sounds
8.094298245614034,game felt uninspiring
8.09375,excellent shooter h
8.091168091168091,weapons feel powerful
8.089285714285715,sound design score
8.083333333333334,melee attack moves
8.074074074074074,whole operational feel
8.068181818181818,cannot even see
8.066666666666666,numerous medkits around
8.066666666666666,getting turned around
8.066666666666666,floor wasnt shining
8.066666666666666,armor laying around
8.0625,often identified ahead
8.057142857142857,killing everyone along
8.055555555555555,piss poor lighting
8.055555555555555,least favorite method
8.053571428571429,stuff youd find
8.053571428571429,becomes muddled throughout
8.051282051282051,extra health kits
8.05,maze level desings
8.048418972332016,cliche story even
8.047619047619047,scarring left behind
8.047619047619047,enemy appearing behind
8.046875,offer horror episodes
8.046875,japanese horror sadly
8.046875,horror games aficionados
8.045454545454545,every loading screen
8.045454545454545,carrying every gun
8.045045045045045,iron stares ai
8.041666666666666,slomo ability comes
8.041666666666666,little girl creeping
8.041666666666666,almost inexhaustible supply
8.035714285714285,scary parts fail
8.035714285714285,im really complaining
8.034782608695652,story tried hard
8.034774436090226,really hollow game
8.034774436090226,game really vk
8.033333333333333,gunfight would break
8.032967032967033,theres better fpss
8.031723484848484,solid horror fps
8.031723484848484,notsoscary horror fps
8.03030303030303,shortlived even though
8.030208333333334,like horror movies
8.028571428571428,helped since many
8.028571428571428,expansions extraction point
8.027631578947368,game offers none
8.025,visual jumpouts trying
8.023809523809524,killing soldier clones
8.022727272727272,one stray bullet
8.021739130434783,nothing happens except
8.021739130434783,nothing happening whatsoever
8.021505376344086,enemies shots felt
8.021505376344086,beat enemies remotely
8.020562770562771,scary military fps
8.016806722689076,developed especially since
8.01063829787234,deal fear wants
8.01063829787234,cannot recommend fear
8.004901960784313,intense atmosphere especially
8.0,world slowly pace
8.0,wonder warner bros
8.0,videogame history copy
8.0,tiwillh okay fine
8.0,talking graphic wise
8.0,subpar h take
8.0,security gun turrets
8.0,retarded storyline makes
8.0,require several headshots
8.0,repeatedly jump backwards
8.0,night tier twist
8.0,horrific setting eventually
8.0,happens whats worse
8.0,given moment initially
8.0,games central strength
8.0,enemy soldiers act
8.0,chapter three except
8.0,bulletproof glass window
7.995791245791246,certain bad guy
7.99375,fairly conventional shooter
7.993055555555555,youd never get
7.993055555555555,get maybe rounds
7.984848484848484,underdeveloped fps mechanics
7.984126984126984,maybe im loosing
7.983552631578947,well organized often
7.983333333333333,excellent h like
7.981226533166458,still tops fear
7.977272727272727,saw one enviroments
7.977272727272727,original one gog
7.977272727272727,one word itd
7.977272727272727,name surname one
7.975,making us run
7.974506578947368,horror game required
7.974506578947368,horror game era
7.9743589743589745,could effectively flank
7.972222222222222,good particles smoke
7.970588235294118,hes still stuck
7.969696969696971,nice additions thats
7.96969696969697,nice asian lady
7.966666666666667,repetative slowmo shoot
7.966666666666667,office building prepare
7.963636363636364,boring corridor filled
7.963541666666666,fast horror sucks
7.963235294117647,actual location especially
7.962962962962964,review feel free
7.955555555555556,hid without lighting
7.95483870967742,painfully generic enemies
7.95483870967742,many enemies attacking
7.951441102756892,game didnt matter
7.94541910331384,actually feel likesquads
7.944444444444445,honest boringly repetitive
7.940476190476192,really solid gunplay
7.9375,younger playing goldeneye
7.9375,get various types
7.9375,get hurt jumping
7.9375,allies get overwhelmed
7.934782608695652,taking back alleys
7.934782608695652,story hook either
7.933333333333334,last intense firefights
7.933333333333334,extreme price unless
7.933333333333334,enemy unless standing
7.931690929451287,well fear send
7.93095238095238,level design werent
7.929166666666667,would often outflank
7.928571428571429,since become cliches
7.928571428571429,quality scares instead
7.928571428571429,linear less thought
7.928571428571429,case im glad
7.927777777777778,alittle bit like
7.927631578947368,varies per game
7.927631578947368,game worse norton
7.927631578947368,game consisting mostly
7.923076923076923,two variants guns
7.923076923076923,also happily charge
7.923076923076923,also caused problems
7.921717171717171,engaging one bit
7.921568627450981,quite wooden especially
7.916666666666666,immersion breaking issues
7.916666666666666,fov slider though
7.916666666666666,atmosphere isnt eerie
7.915178571428571,first person shooter
7.911904761904762,looks perfectly like
7.910714285714286,little scary girls
7.907692307692308,last two intervals
7.904761904761905,sprint button theres
7.904761904761905,air duct theres
7.9014423076923075,cookiecutter action shooter
7.90034965034965,also one instance
7.9,weak puzzles installed
7.9,drag want lots
7.9,closest ive come
7.9,cheap visual gag
7.9,apparently goes downhill
7.9,added fake life
7.895238095238094,particularly fun certainly
7.888888888888889,least enjoyment gameplay
7.884615384615385,health bar management
7.882589285714285,scary horror sequences
7.880952380952381,offguard doesnt mean
7.880208333333334,ring horror film
7.87962962962963,movement feel sluggish
7.878787878787879,every firefight feels
7.878378378378379,surprisingly smart ai
7.878378378378379,screen time whenever
7.878378378378379,intelligent ai along
7.878378378378379,ai mostly acts
7.875,slomo upgrades lack
7.875,probably taking notes
7.875,person making fights
7.875,little red spot
7.875,brand new stuff
7.874274661508704,entire fear franchise
7.872282608695652,directly get back
7.872076023391813,whole game annoyingly
7.866666666666667,would recommend trepang
7.866666666666667,would recommend skipping
7.863636363636363,wouldnt even glance
7.863636363636363,painfully easy even
7.863636363636363,move linearly towards
7.863636363636363,enjoys offices even
7.863226863226863,average fps ai
7.860416666666667,standard corridor shooter
7.860294117647059,chair youre trying
7.857142857142858,keep progressing instead
7.855072463768117,save nothing takes
7.85483870967742,enemies stay essentially
7.8506006006006,surprisingly good ai
7.85,last mere minutes
7.846875,horror experience absent
7.845238095238095,first killing floor
7.844444444444445,figure walking around
7.8375,get turned around
7.833333333333334,youve suddenly lost
7.833333333333334,takes place mostly
7.833333333333334,strange tonal inconsistency
7.833333333333334,stealth potential aside
7.833333333333334,slight reskin occasionally
7.833333333333334,players chest makes
7.833333333333334,important selling factor
7.833333333333334,god awful mostly
7.833333333333334,fully lit thats
7.833333333333334,acclaimed gunplay turns
7.833333333333332,place perseus mandate
7.833333333333332,fire hallway segments
7.831845238095238,pretty standard shooter
7.829629629629629,graphics feel dated
7.82905982905983,throws ammo health
7.828571428571429,became convenient since
7.821428571428571,dont fall asleep
7.819602272727273,nice horror elements
7.819444444444445,little bit ridiculous
7.816666666666667,specific reason like
7.813541666666666,love horror shooters
7.809523809523808,rather lackluster compared
7.809523809523808,find occasional scenes
7.809384164222875,see multiple enemies
7.801282051282051,health kits seem
7.800000000000001,subtle around combat
7.800000000000001,literally melt everything
7.800000000000001,beginning hour wasnt
7.8,love indoor areas
7.7994949494949495,good graphics hold
7.794871794871796,five possible weapons
7.794117647058823,three things olist
7.793650793650793,least slightly different
7.785714285714286,slowmo mechanic sort
7.785064935064936,super generic even
7.783088235294118,still kinda interesting
7.780075187969925,occasional shooting range
7.777777777777779,gets easily killed
7.777777777777779,always feels plastered
7.774891774891774,occasional big guy
7.773809523809524,super scary scenes
7.772727272727273,scoped burst weapon
7.772727272727273,preferred weapon pistol
7.770833333333334,got flushed right
7.770833333333334,gameplay got stale
7.770833333333332,great perseus mandate
7.7666666666666675,much later unfortunately
7.766666666666666,zero narrative none
7.766666666666666,run hide flank
7.765384615384615,melee combat guns
7.7648809523809526,scary moment often
7.764285714285714,level design yet
7.761904761904761,give special mention
7.760964912280702,worst game ever
7.760964912280702,game takes place
7.76023976023976,hold different weapons
7.758928571428571,bear dont get
7.754901960784313,rifle especially compared
7.752380952380952,wait seconds shoot
7.75,windows device manager
7.75,watch something else
7.75,updated second sight
7.75,seemingly unlimited amount
7.75,ragdolled bodies flying
7.75,place sometimes rushing
7.75,old pc games
7.75,mystery aspect alongside
7.75,assault rifle later
7.745014245014245,guns feel clunky
7.7444444444444445,long black hair
7.741071428571429,five hours made
7.738095238095238,super soldier clones
7.734782608695652,likely impressive back
7.733333333333334,big daddys although
7.733333333333333,looked like somewhere
7.730158730158731,put simply walking
7.724924012158055,best answer fear
7.723832923832924,bullet time sequences
7.722222222222222,next major blockbuster
7.7214285714285715,first couple jumpscares
7.7153846153846155,many guns introduced
7.715367965367966,doesnt really hold
7.714285714285714,put across poorly
7.711711711711713,clever enemy ai
7.711111111111111,character leans way
7.7103174603174605,good sure alma
7.708730158730159,repetitive level design
7.708333333333334,another unique experiences
7.706043956043956,first managing health
7.7,look fondly towards
7.695454545454545,literally every aspect
7.695420906567993,fear looked back
7.695238095238095,zigzagging corridors way
7.6952380952380945,mention halflife came
7.694444444444445,gets old fast
7.694298245614036,dated game sucks
7.69375,many shooter games
7.693167701863354,theres basically nothing
7.690476190476191,really dated like
7.688172043010753,enemies might respond
7.6875,get old fast
7.684782608695652,sometimes holding back
7.683333333333334,atmosphere many shooters
7.683238636363637,horror parts nice
7.683238636363637,horror elements thrown
7.683238636363637,disappointing horror elements
7.6797385620915035,know youre supposed
7.678571428571429,im lucky ill
7.677521008403362,sound design especially
7.6767676767676765,cant see meters
7.675174825174825,better graphics even
7.671428571428571,pretty decent graphics
7.671296296296296,youll probably feel
7.669117647058823,actual important things
7.666666666666668,fears gameplay consists
7.666666666666667,grey corridor shoot
7.666666666666666,speargun thing around
7.666666666666666,nonexistent mostly due
7.666666666666666,kept getting lost
7.666666666666666,grenades became much
7.665131578947369,particularly great game
7.6645962732919255,standards theres nothing
7.660714285714286,bucks probably worth
7.658994032395567,still miss nothing
7.658681408681408,ai puts even
7.657287157287158,pretty good even
7.6558441558441555,dont really hold
7.654545454545454,shotgun avoiding cover
7.651515151515151,greatest fps games
7.65119825708061,feel much especially
7.65,sounds like something
7.65,rest hiding around
7.65,monotone combat encounters
7.645791245791246,main bad guy
7.6454545454545455,expansions every fight
7.645454545454545,every fight started
7.644179894179894,bad really bad
7.643939393939393,certainly isnt one
7.64069264069264,every single gunfight
7.637445887445887,didnt even think
7.633333333333333,office building maps
7.62888198757764,nothing really crazy
7.628571428571428,dark empty hallways
7.625,creepy sound coming
7.616161616161616,cant hold armor
7.613636363636363,fairly generic even
7.613636363636363,even several parts
7.611111111111111,either slowly walking
7.611111111111111,dull walking simulator
7.610870215311005,nice horror game
7.61063829787234,many fear games
7.610294117647059,youre typically going
7.607142857142858,isnt really designed
7.60438829787234,shooter condemned fear
7.602272727272727,slowmotion effects hold
7.6,love linear games
7.6,least bit unless
7.6,fights basically consist
7.6,empty feeling alot
7.6,buy everything including
7.597402597402597,im behind cover
7.595238095238095,isnt fun anymore
7.594505494505494,also pretty generic
7.594444444444445,long range combat
7.594298245614035,game felt amazing
7.59049959049959,bullet time ability
7.590476190476191,really seems like
7.590476190476191,really cool like
7.584415584415584,one really gives
7.583333333333334,slitghly larger amount
7.583333333333334,hand normal animations
7.583333333333334,expansion packs seem
7.583333333333333,atmosphere completely offset
7.583238636363637,main horror elements
7.583238636363637,light horror elements
7.582589285714286,horror isnt scary
7.58030303030303,difficulty even slightly
7.579365079365079,really good impact
7.57914673046252,game greatest fps
7.578571428571429,melee combat since
7.577380952380952,little girl scary
7.576118326118326,least scary fps
7.575174825174825,believe even better
7.572649572649572,real world weapons
7.571428571428571,something different entirely
7.571428571428571,dont need jumpscares
7.570588235294117,dated still create
7.554838709677419,flashlight enemies arms
7.5547619047619055,something like doom
7.5547619047619055,games like doom
7.55,memorable experience devoid
7.544642857142858,got really bored
7.539900097465887,shooter game bad
7.539900097465887,bad shooter game
7.5396825396825395,youll find ammo
7.537878787878787,hold one button
7.534722222222222,next five hours
7.5346153846153845,slow motion like
7.533333333333333,empty tight hallways
7.533333333333333,biggest issue comes
7.531194295900178,guy still manages
7.5285714285714285,take halflife keep
7.5285714285714285,dimlylit grey corridors
7.526501035196688,theres nothing much
7.525,spooky stuff happens
7.525,little spooky aspect
7.522321428571429,shooter games since
7.519047619047619,isnt scary like
7.51827485380117,good stuff well
7.516339869281046,go play duke
7.515873015873016,modern standards unfortunately
7.512068217950571,bullet time especially
7.5115384615384615,normal difficulty overall
7.5,neverending looping corners
7.5,cool bonus missions
7.5,cheap jump scares
7.499060150375939,pretty bleh game
7.497023809523809,didnt got scary
7.496031746031747,gets really repetitive
7.4945054945054945,also pretty competent
7.4939153439153445,doesnt feel like
7.490131578947368,game often gives
7.48989898989899,every character within
7.488095238095237,much like doom
7.484848484848484,fps sad case
7.47985347985348,slow mo walk
7.478378378378379,time dated mechanics
7.474747474747474,entire ammo supply
7.4743589743589745,action segments meaning
7.4712823725981625,good game theres
7.469047619047618,scary years ago
7.466193853427896,never played fear
7.464285714285715,didnt really enjoy
7.463541666666666,survival horror though
7.463345864661654,game isnt scary
7.461538461538462,better designed buildings
7.461309523809524,didnt get bored
7.456203007518797,game halflife came
7.455627705627705,really boring fps
7.454545454545455,either slowmo cover
7.453571428571428,walk around trying
7.4523809523809526,scary scenes make
7.4523809523809526,dark levels getting
7.451441102756892,game didnt age
7.450076804915515,slowly walk enemies
7.45,opaque dust far
7.449122807017544,alright shooting sequences
7.446728801169591,good horror game
7.446150097465887,bad video game
7.44047619047619,really anything special
7.438405797101449,mind nothing special
7.438269876819708,fear game pack
7.438095238095238,shoot everything theres
7.433333333333334,many options lack
7.4320054945054945,also playing doom
7.43030303030303,damage even though
7.429166666666667,would often end
7.428752436647174,actually feel like
7.428571428571429,think ive made
7.428571428571429,progress ive made
7.428571428571429,fun spectacle activating
7.428571428571429,fun either sorry
7.428571428571429,becomes tiring later
7.427631578947368,game truly holds
7.427631578947368,game looked uninteresting
7.426785714285714,put around hours
7.425462962962963,feel like hours
7.423832923832924,cool bullet time
7.423280423280424,pretty bad gunplay
7.422932330827068,actually really hoping
7.422822822822823,long time ago
7.421978021978021,could definitely put
7.421875,games horror making
7.421568627450981,somewhat limited especially
7.419631093544137,multiplayer fps story
7.417969743198576,game maybe back
7.416666666666666,felt lost half
7.414772727272727,great one either
7.412006578947368,great horror game
7.411111111111111,repetitive shoot em
7.4110275689223055,shooting segments give
7.4109649122807015,game plays like
7.405736563631301,actually pretty bad
7.403078007518797,horror game keep
7.40079365079365,good selling point
7.40034965034965,also activate one
7.4,reviewing older games
7.4,combat thats dull
7.396825396825397,didnt always find
7.395833333333334,quite often h
7.394047619047619,like seconds trying
7.392540792540792,generic fps action
7.389865351012437,whole fear story
7.388888888888889,cant die otherwise
7.385714285714286,scary many times
7.385714285714286,didnt find much
7.384848484848485,dated fps experience
7.384615384615385,slow motion feature
7.383187134502924,game never played
7.383116883116884,take cover instead
7.380952380952381,complex map design
7.379227053140097,story gets worse
7.378378378378379,time im sure
7.378378378378379,spend anymore time
7.377304964539007,opinion fear puts
7.3733874820831335,nothing less also
7.3730158730158735,really dont know
7.371428571428572,todays standards although
7.371428571428572,pretty impressive visuals
7.368055555555555,lighting effects playing
7.368055555555555,almost never get
7.367382617382617,one point overall
7.366666666666666,happen werent enough
7.366666666666666,fight special forces
7.3655462184873945,yeah sure go
7.363636363636363,entire end chapter
7.363636363636363,boring weak graphics
7.3624141876430205,decent game back
7.357142857142858,last couple levels
7.356203007518797,game makes fun
7.356203007518797,game looks amazing
7.3545673076923075,horror action games
7.354256854256854,first one maybe
7.35328947368421,actually started playing
7.3506006006006,good points ai
7.35,outdated graphics half
7.349673202614379,never gonna go
7.344444444444445,ammo lying around
7.343971631205674,attention giving fear
7.340625,enjoyable horror shooter
7.3375,great games released
7.336035123269166,fear doesnt know
7.334636409865244,good story game
7.334636409865244,good game back
7.333333333333334,quite linear sadly
7.333333333333334,low end already
7.333333333333334,games offer gameplay
7.333333333333334,games much older
7.333333333333334,gameplay cheap scares
7.333333333333334,forced burst fire
7.333333333333334,either industrial buildings
7.3320668693009114,dont think fear
7.328571428571429,dont really want
7.328205128205129,better spent elsewhere
7.3276315789473685,main game end
7.321875,want actual horror
7.318181818181818,see something move
7.318181818181818,overrated fps games
7.316666666666666,getting incredibly tired
7.316666666666666,feeling like prey
7.316520467836257,good game though
7.316193853427896,good bits fear
7.3125,great particle effects
7.3121212121212125,way every fight
7.3085839598997495,game doesnt change
7.308333333333334,isnt much going
7.307839912280702,horror game right
7.306419457735247,complete every game
7.305555555555555,good jump scare
7.3047619047619055,todays gaming standards
7.304166666666667,would recommend playing
7.303571428571429,give another try
7.300824175824176,best weapons throughout
7.3,player progress check
7.3,level alone makes
7.3,games difficulty ramped
7.299999999999999,endless black room
7.294642857142858,didnt got harder
7.294298245614035,otherwise bland game
7.294298245614035,game would launch
7.293939393939393,feels like one
7.2912679425837315,boring linear game
7.290476190476191,last levels talk
7.28974358974359,would also recommend
7.284774436090226,game really wanted
7.2824561403508765,annoying shooting sequences
7.278378378378378,ai definitely holds
7.274038461538462,somewhat interesting weapons
7.272510822510823,would find one
7.272321428571429,fun shooter heres
7.270833333333334,four hours trying
7.268398268398268,gameplay pretty boring
7.2666666666666675,last known position
7.266666666666666,wont miss much
7.266666666666666,ok mostly hallways
7.265508021390374,one especially considering
7.262993762993764,thus slow time
7.261160714285714,best horror games
7.257142857142858,really make use
7.257142857142857,simply wasnt worth
7.257142857142856,single point despite
7.255683342917386,time fear would
7.254761904761905,pretty much everywhere
7.250708502024292,main game also
7.25,year old product
7.25,try something new
7.248663101604278,see creepy things
7.2481060606060606,might get one
7.2442982456140355,game feels like
7.242481203007518,done pretty well
7.241071428571429,backstory looks interesting
7.240692640692641,thing every point
7.240131578947368,game often times
7.235497835497835,doesnt use cover
7.235347985347985,really disappointed overall
7.233333333333334,weve played years
7.233333333333334,easily take damage
7.233333333333333,hour type hero
7.228571428571428,single player games
7.228205128205129,much better gunplay
7.222222222222222,original plot isnt
7.220779220779221,really boring however
7.21983937115516,game becomes boring
7.217927631578947,horror element well
7.2095472095472095,bullet time mechanic
7.206237816764132,bad thing well
7.203921568627452,still might want
7.196969696969697,wouldnt even hear
7.196969696969697,quite easy even
7.190476190476192,rocket launcher levels
7.188383838383838,know one thing
7.188172043010754,quite smart enemies
7.185858585858586,basically cant move
7.183760683760684,overall gun play
7.1826923076923075,could almost recommend
7.180952380952381,doesnt challenge player
7.177631578947368,game first came
7.175000000000001,use slomo without
7.168115942028986,occasionally come back
7.166666666666667,couldnt quite believe
7.166666666666667,console players amazing
7.163636363636364,incredibly boring everything
7.157692307692308,two mediocre expansions
7.155555555555555,play years ago
7.15,havent played yet
7.146150097465888,game look bad
7.145833333333334,interesting enemy types
7.1410256410256405,two previous games
7.1401315789473685,interesting game despite
7.1375,got shot nobody
7.1375,got extremely bored
7.13730694980695,first time playing
7.136904761904762,enjoy im going
7.124274661508704,entire fear series
7.122076023391813,whole game characters
7.108552631578947,get running well
7.107142857142858,series really needs
7.1,hot shit around
7.095833333333334,occasionally often enough
7.095238095238095,point b kill
7.095238095238095,couldnt care less
7.088888888888889,play look elsewhere
7.083333333333334,entirely new set
7.083333333333334,arent copy paste
7.045045045045045,enemy ai tries
7.011711711711712,impressive enemy ai
7.010964912280702,game obviously aged
7.0,life meter way
6.990740740740741,plain bad plot
6.9743589743589745,could completely change
6.9714285714285715,first released however
6.9203081232493,small things like
6.919871794871796,overall id say
6.916666666666666,fight rooms full
6.911711711711712,time youve found
6.8991228070175445,arent shooting dudes
6.866666666666667,shoot ghosts seriously
6.838235294117647,things go wrong
6.833333333333334,minutes jumpscare roam
6.809907120743034,bullets actually go
6.772727272727273,meh weapon variety
6.75,blowing people away
5.4,grey black
5.35,run flat
5.333333333333333,perseus mandate
5.296875,horror aspect
5.266666666666667,generic soldiers
5.266666666666667,dull grey
5.264285714285714,level design
5.25,assault rifle
5.245791245791246,bad guy
5.236772486772487,really feel
5.222222222222222,good pc
5.214285714285714,stay behind
5.214285714285714,put towards
5.213636363636364,even halflife
5.213541666666666,horror segments
5.213541666666666,horror scenes
5.204545454545455,see coming
5.2,empty hallways
5.19375,generic shooter
5.19375,corridor shooter
5.188405797101449,nothing special
5.183238636363637,horror elements
5.177304964539006,beat fear
5.1688311688311686,behind cover
5.166666666666667,gunplay unfortunately
5.166666666666666,walls floor
5.166666666666666,standard pistol
5.166666666666666,soldiers lots
5.166666666666666,logitech devices
5.166666666666666,iron sight
5.166666666666666,getting bored
5.166666666666666,bulletproof armor
5.15,felt like
5.140625,horror shooter
5.136363636363637,nice bonus
5.133333333333333,player takes
5.130952380952381,doesnt seem
5.128378378378379,dumb ai
5.125,creepy stuff
5.125,change throughout
5.123949579831933,scary especially
5.113636363636363,name even
5.113636363636363,isnt even
5.112962962962963,feel like
5.111111111111111,walking slowly
5.111111111111111,gets dull
5.108333333333333,like trying
5.108225108225108,doesnt hold
5.107142857142858,really think
5.107142857142858,really isnt
5.107142857142858,really cheap
5.10438829787234,shooter fear
5.1,somewhat dated
5.1,outdated graphics
5.1,last missions
5.1,holds none
5.1,halflife games
5.1,generic fights
5.1,basically devoid
5.097222222222222,good stuff
5.096969696969698,even like
5.095454545454546,every level
5.095238095238095,dark hallway
5.094298245614035,fine game
5.09375,shooter mechanics
5.09375,linear shooter
5.0926573426573425,one guns
5.091666666666667,shoot stuff
5.08994708994709,pretty bad
5.089285714285714,sound design
5.088235294117647,offer especially
5.088235294117647,games especially
5.087719298245614,well compared
5.086538461538462,weapons throughout
5.083333333333334,melee enemy
5.077083333333333,shooter like
5.071428571428571,sure isnt
5.071428571428571,original doom
5.068681318681319,really overall
5.068181818181818,cover even
5.066666666666666,spooky scenes
5.058080808080808,even know
5.055555555555555,poor lighting
5.055555555555555,least competent
5.0547619047619055,like doom
5.051282051282051,slow motion
5.051282051282051,slow mo
5.051282051282051,health kits
5.05,normal difficulty
5.05,level chapter
5.048295454545455,cover shooter
5.0476190476190474,map design
5.046875,survival horror
5.046875,horror parts
5.046875,horror games
5.045454545454545,slowmo every
5.045454545454545,place every
5.045045045045045,greatest ai
5.044642857142858,really get
5.044444444444444,bit dated
5.044117647058823,go fast
5.044117647058823,certain things
5.043650793650794,pretty good
5.043062200956937,guy shooting
5.041666666666666,little girl
5.041267942583732,game even
5.0375,get none
5.035714285714286,something scary
5.035714285714286,scary parts
5.035714285714286,really fun
5.035714285714286,isnt scary
5.034774436090226,game really
5.032377428307123,fear nothing
5.03030303030303,boring robots
5.0285714285714285,walk corridor
5.0285714285714285,empty corridors
5.0285714285714285,dark hallways
5.027631578947369,game started
5.023809523809524,levels felt
5.023809523809524,didnt change
5.022321428571429,fun shooter
5.021505376344086,special enemies
5.021505376344086,human enemies
5.021381578947368,shooter game
5.018518518518519,bad either
5.013636363636364,even without
5.01063829787234,saw fear
5.01063829787234,fear games
5.01063829787234,fear cheap
5.008928571428571,super great
5.007142857142857,really use
5.007142857142857,didnt like
5.0062111801242235,different story
5.004761904761905,pretty much
5.0,zero impact
5.0,worse games
5.0,window fall
5.0,warner bros
5.0,slowmotion effect
5.0,selling points
5.0,pretty fun
5.0,points end
5.0,nobody seems
5.0,mostly alot
5.0,mention prey
5.0,makes fights
5.0,major hallucinations
5.0,lost progress
5.0,last couple
5.0,known bug
5.0,jump scares
5.0,im sure
5.0,havent looked
5.0,gonna end
5.0,games ive
5.0,gameplay sucks
5.0,either ran
5.0,either fight
5.0,burst fire
5.0,bland sequences
5.0,attention save
4.998251748251748,even slow
4.993971631205674,fear like
4.991319444444445,know horror
4.988095238095238,dont miss
4.988095238095238,doesnt really
4.984848484848484,fps history
4.984848484848484,fps games
4.984848484848484,amazing fps
4.983333333333333,progress like
4.983333333333333,plays like
4.983333333333333,like games
4.983333333333333,games like
4.982456140350877,soldier shooting
4.978378378378379,last time
4.978378378378379,hard time
4.978354978354979,didnt see
4.9772727272727275,boring even
4.977272727272727,taking one
4.977272727272727,new guy
4.977272727272727,hold sometimes
4.977272727272727,clones one
4.974506578947368,horror game
4.9743589743589745,two segments
4.972222222222222,good visuals
4.972222222222222,good gun
4.9714285714285715,todays standards
4.970588235294118,still something
4.970588235294118,still isnt
4.96969696969697,nice gunplay
4.968253968253968,didnt know
4.966666666666667,office building
4.966666666666667,impressive anymore
4.964285714285714,occasional jumpscare
4.961538461538462,three weapons
4.961538461538462,better scares
4.961538461538462,better games
4.955555555555556,never use
4.954545454545455,cover mechanics
4.9523809523809526,scary though
4.951058201058201,dont feel
4.95,memorable locations
4.947089947089947,bad since
4.946969696969697,even tries
4.946150097465887,bad game
4.945454545454545,every hour
4.944444444444445,walking simulator
4.944444444444445,unlimited ammo
4.944444444444445,long hair
4.944444444444445,fov gets
4.939209726443769,fear im
4.939209726443769,fear came
4.9375,younger playing
4.9375,got stuck
4.9375,got lost
4.9375,got bored
4.9375,get thrown
4.9375,already playing
4.935714285714285,wasnt scary
4.935185185185185,bad though
4.935064935064935,boring theres
4.934782608695652,story wise
4.933333333333334,years ago
4.933333333333334,much sadly
4.933333333333334,isnt much
4.933333333333334,expansions might
4.929292929292929,repetitive fps
4.928571428571429,selling point
4.928571428571429,less tiring
4.928571428571429,keep looping
4.928571428571429,im reviewing
4.928571428571429,fun happens
4.928571428571429,entirely made
4.927631578947368,video game
4.927631578947368,old game
4.927631578947368,game makes
4.927631578947368,game hoping
4.927631578947368,game holds
4.927631578947368,game h
4.927631578947368,game gives
4.927631578947368,game designed
4.925133689839573,still see
4.923832923832924,every time
4.923832923832924,bullet time
4.923809523809524,didnt want
4.923076923076923,two guns
4.922348484848484,great fps
4.921875,little horror
4.921568627450981,air especially
4.921052631578947,well ahead
4.921052631578947,age well
4.920833333333333,like playing
4.9185185185185185,wasnt bad
4.916666666666666,times compared
4.916666666666666,getting tired
4.916666666666666,atmosphere create
4.911904761904761,looks like
4.910964912280702,game like
4.910638297872341,played fear
4.909663865546219,first especially
4.907692307692308,two expansions
4.907692307692308,action unless
4.9058441558441555,one point
4.904761904761905,pretty big
4.9,weve come
4.9,todays games
4.9,taking damage
4.9,played worse
4.9,main storyline
4.9,main screen
4.9,lying around
4.9,hide around
4.9,everything slowmo
4.899853801169591,good game
4.895833333333334,often used
4.895833333333334,often id
4.895299145299145,also good
4.894117647058824,graphics go
4.892857142857142,scary levels
4.890552995391705,scary enemies
4.88917004048583,game overall
4.889016676250719,fear ai
4.888888888888889,tldr play
4.888888888888889,next gunfight
4.888888888888889,lighting thats
4.888888888888889,least thats
4.888888888888889,least given
4.888888888888889,gets repetitive
4.887218045112782,simply shooting
4.885714285714286,seconds ago
4.884848484848485,todays fps
4.884848484848485,older fps
4.884848484848485,around fps
4.884615384615385,health bar
4.880952380952381,doesnt save
4.880208333333334,horror title
4.880208333333334,horror gaming
4.880208333333334,horror factor
4.878378378378379,smart ai
4.878378378378379,lauded ai
4.878378378378379,amazing ai
4.878378378378379,ai isnt
4.877777777777778,much ammo
4.877304964539007,fear would
4.875,particle effects
4.875,linear making
4.875,going alongside
4.875,face trying
4.875,another place
4.875,almost mazelike
4.872222222222222,good combat
4.872076023391813,whole game
4.872076023391813,game character
4.871428571428572,first level
4.870588235294118,still wasnt
4.869047619047619,scary bits
4.866666666666667,would recommend
4.866666666666667,sections felt
4.866666666666667,found elsewhere
4.866071428571429,keep playing
4.865131578947368,great game
4.863636363636363,feeling boring
4.863636363636363,cheap move
4.862664473684211,horror actually
4.8624141876430205,game back
4.861538461538462,weak weapons
4.861538461538462,use weapons
4.861538461538462,couple weapons
4.860576923076923,also great
4.860576923076923,also got
4.860576923076923,also get
4.860294117647059,youre trying
4.858585858585858,plot elements
4.857142857142858,stop killing
4.857142857142858,several levels
4.857142857142858,really wanted
4.857142857142858,really easy
4.857142857142858,levels designed
4.857142857142858,levels consist
4.857142857142858,didnt enjoy
4.857142857142857,walk point
4.856203007518797,game fun
4.856203007518797,game came
4.856203007518797,game becomes
4.856203007518797,fun game
4.855651105651106,time one
4.855072463768116,nothing unique
4.855072463768116,nothing occasionally
4.85483870967742,later enemies
4.85483870967742,enemies within
4.85483870967742,enemies introduced
4.8545673076923075,action horror
4.8545454545454545,definitely see
4.854166666666666,great atmosphere
4.852272727272727,probably one
4.852272727272727,one another
4.851851851851852,bad gunplay
4.851648351648351,also find
4.8507085020242915,game also
4.8506006006006,good ai
4.85,would like
4.85,many times
4.85,last minutes
4.85,hard sometimes
4.849624060150376,well instead
4.848966613672497,ai still
4.848484848484849,boring fps
4.844444444444445,walking around
4.844444444444445,main character
4.844444444444445,incredibly repetitive
4.844444444444445,always want
4.843971631205674,fear gameplay
4.843971631205674,enjoy fear
4.84375,mediocre shooter
4.839916839916841,time overall
4.838235294117647,times especially
4.837606837606838,guns play
4.834782608695653,come back
4.833333333333334,years old
4.833333333333334,years later
4.833333333333334,throw grenades
4.833333333333334,something thats
4.833333333333334,rocket launcher
4.833333333333334,review check
4.833333333333334,quite old
4.833333333333334,position take
4.833333333333334,paste copy
4.833333333333334,pace whatsoever
4.833333333333334,occasionally happen
4.833333333333334,mostly consists
4.833333333333334,might recommend
4.833333333333334,low framerate
4.833333333333334,jump scare
4.833333333333334,id end
4.833333333333334,hot asian
4.833333333333334,hand makes
4.833333333333334,hand either
4.833333333333334,graphic options
4.833333333333334,gameplay multiplayer
4.833333333333334,fire button
4.833333333333334,final product
4.833333333333334,final parts
4.833333333333334,expansion packs
4.833333333333334,enemy varies
4.833333333333334,enemy types
4.833333333333334,easily overwhelmed
4.833333333333334,decent gunplay
4.833333333333334,decent gameplay
4.833333333333334,couldnt take
4.833333333333334,couldnt mostly
4.833333333333334,chapter four
4.833333333333334,anyway roam
4.833333333333334,aged poorly
4.833333333333333,quickly flank
4.833333333333333,much damage
4.833333333333333,full supply
4.83030303030303,move shoot
4.829831932773109,scary things
4.829545454545455,little cover
4.829365079365079,really cant
4.828571428571428,walk around
4.828571428571428,im older
4.828571428571428,everything looks
4.828571428571428,definitely made
4.828571428571428,combat looks
4.8276315789473685,older game
4.8276315789473685,main game
4.8276315789473685,game everything
4.8276315789473685,game despite
4.825,enjoyable throughout
4.823076923076923,also want
4.823076923076923,also played
4.821428571428571,simply needs
4.821428571428571,make sure
4.821428571428571,first place
4.821428571428571,dont recommend
4.821428571428571,dont mean
4.821428571428571,dont believe
4.819444444444445,little bit
4.819444444444445,little ammo
4.818452380952381,doesnt get
4.816666666666666,title like
4.816666666666666,feels like
4.816666666666666,atmosphere although
4.815878378378379,great time
4.815789473684211,scares actually
4.815789473684211,actually moving
4.813186813186813,find health
4.813160987074031,time story
4.8125,interesting puzzles
4.811711711711712,much time
4.8106060606060606,gunplay one
4.809782608695652,going back
4.809782608695652,actual story
4.808080808080808,entire character
4.808035714285714,best shooter
4.8076923076923075,two games
4.806949806949807,time im
4.806949806949807,find ai
4.8047619047619055,dont like
4.804166666666667,would get
4.803571428571429,im going
4.803571428571429,actual fun
4.802631578947368,game almost
4.800000000000001,shoot dudes
4.800000000000001,many locations
4.800000000000001,extremely dated
4.800000000000001,bullets run
4.8,second level
4.8,particularly outstanding
4.8,office buildings
4.8,impressive spectacle
4.8,damage without
4.8,clones experience
4.8,bleh experience
4.798701298701299,first one
4.796875,mediocre horror
4.796875,horror element
4.796875,face horror
4.795833333333333,like hours
4.795238095238095,would keep
4.795238095238095,would give
4.794871794871796,gameplay better
4.794871794871796,better options
4.794298245614035,game would
4.794117647058823,h go
4.794117647058823,fight things
4.794117647058823,crazy things
4.792540792540793,action fps
4.791267942583732,entire game
4.787878787878788,limited cover
4.785714285714286,slowmo mechanic
4.785185185185185,bad way
4.7846153846153845,incredibly slow
4.78030303030303,boring atmosphere
4.778378378378378,ai despite
4.777777777777779,limited ammo
4.777777777777779,know others
4.777777777777778,real building
4.777777777777778,modern shooters
4.775974025974026,dont see
4.775,visual effects
4.773809523809524,really kill
4.773809523809524,really annoying
4.772222222222222,next level
4.771739130434783,nothing wrong
4.771739130434783,nothing else
4.771428571428572,pretty short
4.771428571428572,opinion theres
4.771428571428572,doom considering
4.770833333333334,youve got
4.770833333333334,possible playing
4.770833333333334,get quite
4.770833333333334,get low
4.768518518518519,arent bad
4.768115942028986,meh story
4.768115942028986,console back
4.768115942028986,alright story
4.766666666666667,thing happens
4.766666666666667,take way
4.766666666666667,ramped way
4.766666666666667,much potential
4.766666666666667,much left
4.766666666666667,cool thing
4.765873015873016,dont know
4.763636363636364,move around
4.763636363636364,incredibly boring
4.762993762993763,slow time
4.761904761904762,tight corridors
4.761904761904762,looks feels
4.761904761904762,instead forced
4.761904761904762,im forced
4.761904761904762,gameplay becomes
4.761904761904762,ever since
4.7615384615384615,overall experience
4.760964912280702,game tries
4.760964912280702,game manages
4.760964912280702,game firefights
4.760964912280702,game easily
4.76078431372549,shoot things
4.76063829787234,wrong fear
4.76063829787234,make fear
4.758928571428571,dont get
4.755952380952381,doesnt sound
4.754838709677419,weak enemies
4.754385964912281,strange well
4.754385964912281,aged well
4.75,wouldnt recommend
4.75,wouldnt charge
4.75,word mediocre
4.75,windows pack
4.75,sound effects
4.75,poor amount
4.75,new gun
4.75,minutes fight
4.75,kept running
4.75,ive done
4.75,however think
4.75,hiding place
4.75,gun everywhere
4.75,first came
4.75,favorite series
4.75,far games
4.75,either make
4.75,dont give
4.75,dont find
4.75,dimlylit offices
4.75,close range
4.74906015037594,first game
4.746031746031746,didnt play
4.7451923076923075,could get
4.743939393939394,one thing
4.741071428571429,less interesting
4.741071428571429,hours made
4.74102564102564,much action
4.738888888888889,good thing
4.738095238095238,variety theres
4.738095238095238,pretty disappointed
4.735714285714286,scary enough
4.733333333333333,spend around
4.733333333333333,released years
4.733333333333333,might want
4.733333333333333,main issue
4.733333333333333,literally consists
4.733333333333333,firefights although
4.733333333333333,ever use
4.733333333333333,eventually became
4.732860520094563,play fear
4.731617647058823,get go
4.728900255754476,go back
4.728571428571428,single player
4.727272727272727,new one
4.727272727272727,comfortably hold
4.723214285714286,worth playing
4.722689075630251,go find
4.722222222222222,plot twist
4.722222222222222,plot device
4.722222222222222,good however
4.722222222222222,cant recommend
4.722222222222222,cant hurt
4.722222222222222,cant believe
4.7214285714285715,first released
4.7214285714285715,first couple
4.718627450980392,youre like
4.717948717948718,slow pace
4.717948717948718,health packs
4.714285714285714,worked best
4.714285714285714,wall put
4.714285714285714,super small
4.714285714285714,occasional sliver
4.714285714285714,best shotguns
4.714285714285714,audio design
4.7125,played hours
4.7125,around hours
4.711711711711712,enemy ai
4.711538461538462,new weapons
4.711111111111111,whole way
4.7106382978723405,found fear
4.7106382978723405,buy fear
4.707692307692307,action combat
4.7,would hear
4.7,would enjoy
4.7,smoke forces
4.7,shit happens
4.7,random bodies
4.7,neverending sections
4.7,look worse
4.7,honest opinion
4.7,games shot
4.7,fight look
4.7,fight ghosts
4.7,cool considering
4.7,bland games
4.7,biggest problems
4.69980694980695,first time
4.69949494949495,next one
4.6991341991342,best fps
4.696969696969697,boring occasionally
4.696969696969697,boring gunplay
4.694444444444445,whole series
4.694444444444445,plain walking
4.694444444444445,long uninteresting
4.694444444444445,always wanted
4.694298245614036,game way
4.694117647058823,go without
4.694117647058823,go around
4.691558441558442,best one
4.690789473684211,actually going
4.688888888888889,cant shoot
4.688172043010753,enemies type
4.6875,got tired
4.685714285714285,definitely worth
4.685064935064935,first move
4.6848484848484855,enjoyable fps
4.684782608695652,uninteresting story
4.683760683760684,play overall
4.683333333333334,people love
4.683333333333334,many people
4.683333333333334,look like
4.678571428571429,year since
4.678571428571429,series im
4.678571428571429,plain corridors
4.678571428571429,ill give
4.677631578947368,second game
4.677631578947368,new game
4.677631578947368,game however
4.677631578947368,game heres
4.677631578947368,game alone
4.6767676767676765,cant see
4.673076923076923,also easy
4.6722222222222225,look good
4.6722222222222225,good shot
4.6722222222222225,good enough
4.671052631578947,well done
4.67032967032967,slow mechanic
4.669642857142858,hours levels
4.669117647058823,little things
4.666666666666667,thats alright
4.666666666666667,shoot shit
4.666666666666667,shoot ghosts
4.666666666666667,quite possible
4.666666666666667,players might
4.666666666666667,occasionally manages
4.666666666666667,might enjoy
4.666666666666667,industrial complex
4.666666666666667,enemy type
4.666666666666666,youll avoid
4.666666666666666,werent looking
4.666666666666666,usually games
4.666666666666666,trick anymore
4.666666666666666,thing although
4.666666666666666,superbly puts
4.666666666666666,stay away
4.666666666666666,somewhere kill
4.666666666666666,slowly clear
4.666666666666666,slightly difference
4.666666666666666,slightly delayed
4.666666666666666,performance issues
4.666666666666666,nostalgia goggles
4.666666666666666,narrative mess
4.666666666666666,maps looking
4.666666666666666,loud sounds
4.666666666666666,loud noise
4.666666666666666,lost due
4.666666666666666,kill someone
4.666666666666666,immersion though
4.666666666666666,hoard medkits
4.666666666666666,highest setting
4.666666666666666,fearsome ability
4.666666666666666,end kill
4.666666666666666,disable functions
4.666666666666666,completely linear
4.666666666666666,certainly agree
4.666666666666666,brief moment
4.666666666666666,became way
4.666666666666666,atc otherwise
4.666666666666666,anything original
4.666666666666666,alma spams
4.657142857142857,office levels
4.654761904761905,gameplay first
4.654761904761905,dont care
4.65079365079365,next point
4.65079365079365,cant find
4.65,spooky encounters
4.65,soon became
4.65,running around
4.65,literally everywhere
4.65,havent played
4.65,half life
4.65,half hour
4.65,everything else
4.65,combat encounters
4.649853801169591,next game
4.6491228070175445,shooting dudes
4.645833333333334,four hours
4.645045045045045,ai thing
4.644444444444445,extremely repetitive
4.644444444444445,always satisfying
4.641917293233083,best game
4.6410256410256405,enemy action
4.638888888888889,atmosphere plot
4.6375,get shot
4.637254901960784,still kill
4.636363636363637,trivial elements
4.636363636363637,supernatural elements
4.636363636363637,nice touch
4.636363636363637,nice tension
4.633928571428571,first hours
4.633333333333333,office complex
4.633333333333333,much dust
4.633333333333333,much considering
4.633333333333333,harder difficulty
4.630303030303031,entire thing
4.62962962962963,honestly feel
4.62962962962963,gamy feel
4.62962962962963,feel uncomfortable
4.62962962962963,feel scared
4.62962962962963,feel high
4.62962962962963,feel dread
4.62962962962963,feel constantly
4.628571428571428,single shot
4.628571428571428,find bullets
4.628378378378379,ai alone
4.628289473684211,actually interesting
4.627631578947369,game shotgun
4.627631578947369,game look
4.627631578947369,game forces
4.627631578947369,game considering
4.627450980392156,things right
4.625,must say
4.625,actual characters
4.623076923076923,also found
4.622222222222222,play around
4.6201923076923075,two hours
4.616666666666667,easy would
4.615384615384615,guns work
4.615384615384615,endgame guns
4.613636363636363,stopped even
4.613636363636363,presence even
4.613636363636363,plain boring
4.613636363636363,inaccurate even
4.613636363636363,hell even
4.613636363636363,entire series
4.613636363636363,dishwater even
4.613636363636363,bursts even
4.611111111111111,modern games
4.607142857142858,really ugly
4.607142857142858,really shouldve
4.607142857142858,really padded
4.607142857142858,really needed
4.607142857142858,really looking
4.607142857142858,really liked
4.607142857142858,really consider
4.60483870967742,new enemies
4.601809954751131,could go
4.6006006006006,play time
4.6,zerofidelity graphics
4.6,wasnt enough
4.6,visual bullets
4.6,started croding
4.6,playable unless
4.6,outrageously dated
4.6,many ways
4.6,many places
4.6,many errors
4.6,many cannons
4.6,many airducts
4.6,look around
4.6,graphics effort
4.6,fairly bland
4.6,dear generic
4.6,combat shotgun
4.6,combat sections
4.6,basically eliminates
4.6,absolutely love
4.597222222222222,little plot
4.595238095238095,kill instead
4.595238095238095,dark room
4.594298245614035,ok game
4.594298245614035,game completely
4.594117647058823,player go
4.59375,shooter influenced
4.588235294117647,uninspired especially
4.585227272727273,interesting weapon
4.583333333333334,unique rooms
4.583333333333334,turns people
4.583333333333334,spend half
4.583333333333334,reason alone
4.583333333333334,players movement
4.583333333333334,offices thats
4.583333333333334,endless series
4.583333333333334,couldnt make
4.578378378378378,time spent
4.575,satisfying making
4.575,dust effects
4.575,almost everyone
4.571428571428571,toggleonly theres
4.571428571428571,today standards
4.571428571428571,super inaccurate
4.571428571428571,serve simply
4.571428571428571,pretty tough
4.571428571428571,pretty terrible
4.571428571428571,pretty obvious
4.571428571428571,pretty clich
4.571428571428571,pretty broken
4.571428571428571,high standards
4.571428571428571,fpshorror theres
4.571428571428571,first times
4.571428571428571,first minutes
4.571428571428571,first half
4.571428571428571,dont mind
4.571428571428571,different section
4.571428571428571,different developer
4.571428571428571,crouchjumping theres
4.568627450980392,youre left
4.566666666666666,wont use
4.566666666666666,wasnt anything
4.566666666666666,people like
4.566666666666666,opinion would
4.566666666666666,fairly quickly
4.565789473684211,actually make
4.5625,often operate
4.5625,often lead
4.5625,often forgets
4.5625,often forget
4.5625,interesting encounters
4.5625,instantly often
4.5576923076923075,could make
4.555555555555555,spades never
4.555555555555555,play quite
4.555555555555555,paste plot
4.555555555555555,never seen
4.555555555555555,never happened
4.555555555555555,moody lighting
4.555555555555555,maybe mine
4.555555555555555,lighting work
4.555555555555555,least possibly
4.555555555555555,good people
4.555555555555555,godgiven maybe
4.555555555555555,dunno maybe
4.555555555555555,bterrorbquote maybe
4.553571428571429,say im
4.551282051282051,full health
4.5510835913312695,youre shooting
4.55,player needs
4.55,level select
4.55,level aimlessly
4.55,kindergarden level
4.55,easy difficulty
4.5476190476190474,best occasionally
4.546875,terrible horror
4.546875,psychological horror
4.546875,invoke horror
4.546875,horror tropes
4.546875,horror flick
4.546875,horror expirence
4.546875,horror devolves
4.546875,horror aspects
4.546875,horror angle
4.546875,horror aesthetic
4.545454545454545,setpieces every
4.545454545454545,every respect
4.545454545454545,every opportunity
4.545454545454545,every corner
4.545454545454545,bullet sponges
4.545454545454545,bullet holes
4.545454545454545,bullet hit
4.545454545454545,bullet count
4.545454545454545,aspects every
4.545045045045045,ai room
4.544117647058823,things flying
4.544117647058823,rooms go
4.541666666666666,probably due
4.541666666666666,little disappointed
4.5396825396825395,modern single
4.535714285714286,seconds obviously
4.535714285714286,scary moments
4.535714285714286,neither scary
4.534722222222222,interesting plot
4.533333333333333,short years
4.533333333333333,seriously overrated
4.533333333333333,seriously monolith
4.533333333333333,others buy
4.533333333333333,okay enough
4.533333333333333,larger sections
4.533333333333333,ghosts attack
4.533333333333333,found prey
4.533333333333333,flashlight eventually
4.53030303030303,move quickly
4.527777777777778,real atmosphere
4.523809523809524,didnt leave
4.523809523809524,didnt expect
4.523809523809524,didnt built
4.521739130434783,vision nothing
4.521739130434783,nothing stands
4.521739130434783,nothing specialif
4.521739130434783,nothing happened
4.521739130434783,absolutely nothing
4.521428571428572,flashlight dont
4.521428571428572,dont buy
4.518518518518519,bad taste
4.518518518518519,bad guys
4.518518518518519,bad attempt
4.516666666666667,half way
4.5125,satisfying hours
4.5125,interesting enough
4.511111111111111,real life
4.51063829787234,picked fear
4.51063829787234,means fear
4.51063829787234,fear lets
4.51063829787234,fear focused
4.5,year second
4.5,wouldnt mind
4.5,work together
4.5,wont talk
4.5,wont care
4.5,whatever lack
4.5,utterly fake
4.5,using windows
4.5,unclear exactly
4.5,ui scaling
4.5,tv screen
4.5,truly magnificent
4.5,total lack
4.5,top tier
4.5,times arent
4.5,thus biased
4.5,theyll try
4.5,taking hrs
4.5,steam h
4.5,start blowing
4.5,sorry excuse
4.5,soooo smart
4.5,somewhat ugly
4.5,something onscreen
4.5,something extraordinary
4.5,slight variations
4.5,shaky feeling
4.5,severe lack
4.5,several iterations
4.5,security systems
4.5,security guards
4.5,second half
4.5,says something
4.5,sadly interchangeable
4.5,sad truth
4.5,runs towards
4.5,reviews makes
4.5,relies mostly
4.5,red dress
4.5,recommended condemned
4.5,recommendation try
4.5,quite disappointed
4.5,quite annoying
4.5,potential nostalgia
4.5,plus points
4.5,plasma rifle
4.5,plasma gun
4.5,picked em
4.5,personally think
4.5,peak corners
4.5,particular case
4.5,old movie
4.5,ok price
4.5,offer absolutely
4.5,objective repeatedly
4.5,nostalgia factor
4.5,nonsensical maze
4.5,nevertheless clunky
4.5,necessarily something
4.5,names apparently
4.5,name suggests
4.5,mystery unraveled
4.5,mysterious hero
4.5,mostly works
4.5,mostly relied
4.5,means aside
4.5,meaning theyre
4.5,may require
4.5,massive case
4.5,lot b
4.5,longer take
4.5,launch inexcusable
4.5,later sequels
4.5,largely muddy
4.5,jumpscareal three
4.5,jump frightening
4.5,ive heard
4.5,isnt horrible
4.5,isnt accurate
4.5,intelligent flanks
4.5,inconsistency designwise
4.5,httpssteamcommunitycomgroupsrevamg h
4.5,honestly bored
4.5,hit yet
4.5,harmful towards
4.5,halls makes
4.5,gun battle
4.5,games marketing
4.5,games favor
4.5,games exe
4.5,games direction
4.5,games betterment
4.5,gameplay ok
4.5,fully remove
4.5,full price
4.5,fucking show
4.5,fly across
4.5,fight dynamically
4.5,favourite gun
4.5,fat fk
4.5,far needs
4.5,fanbase gives
4.5,entirely playable
4.5,enjoyable experience
4.5,enemy variety
4.5,encountered types
4.5,encounter phones
4.5,either discovering
4.5,easily kill
4.5,dunno yeah
4.5,distinct strength
4.5,disappointing section
4.5,difficult challenge
4.5,die outright
4.5,developers minds
4.5,deal dollars
4.5,cutscenes truly
4.5,creepy moments
4.5,crappy games
4.5,copy pasted
4.5,cooperate yet
4.5,cool moments
4.5,cool idea
4.5,complicated backstory
4.5,claustrophobically linear
4.5,cheap tactics
4.5,burst fireeven
4.5,bundle h
4.5,blocky buildings
4.5,big room
4.5,become aware
4.5,amazing physics
4.5,admire animations
4.5,activating vsync
4.5,activate elevators
4.5,absolutely recommend
4.491666666666667,would say
4.48948948948949,real time
4.48948948948949,modern ai
4.485294117647059,jumpscare youre
4.484848484848484,singleplayer fps
4.484848484848484,fps portion
4.484848484848484,fps part
4.484848484848484,fps dropping
4.484848484848484,classic fps
4.483333333333333,want people
4.483333333333333,pros like
4.483333333333333,people want
4.483333333333333,may like
4.483333333333333,like yawn
4.483333333333333,like mins
4.483333333333333,like mid
4.483333333333333,like jello
4.483333333333333,iyoui like
4.483333333333333,distorted like
4.482456140350877,ok shooting
4.477272727272727,port one
4.477272727272727,one side
4.477272727272727,one hundred
4.477272727272727,one dude
4.477272727272727,one day
4.477272727272727,one clip
4.477272727272727,one area
4.477272727272727,laser one
4.477272727272727,doubt one
4.477272727272727,chaotic one
4.472222222222222,wouldnt play
4.472222222222222,good tiwill
4.472222222222222,good measure
4.472222222222222,good kind
4.472222222222222,good ideas
4.470588235294118,still wish
4.470588235294118,still couldve
4.470588235294118,stand still
4.466666666666667,shoot guys
4.461538461538462,selfdefeating overall
4.461538461538462,overall package
4.461538461538462,lot better
4.461538461538462,fictional weapons
4.461538461538462,better hardware
4.461538461538462,better expirence
4.45,spent minutes
4.45,look wrong
4.45,look heres
4.45,easy enough
4.444444444444445,whole wordofmouth
4.444444444444445,whole lot
4.444444444444445,unmemorable repetitive
4.444444444444445,recurring character
4.444444444444445,real scare
4.444444444444445,modern version
4.444444444444445,long slog
4.444444444444445,long lengths
4.444444444444445,long campaigns
4.444444444444445,litle bit
4.444444444444445,keeps walking
4.444444444444445,gets oppressive
4.444444444444445,gets monotonous
4.444444444444445,conserve ammo
4.444444444444445,character models
4.444444444444445,bit lengthy
4.444444444444445,bit harsh
4.444444444444445,always talked
4.444444444444445,always caught
4.4393939393939394,weapon variety
4.4375,stop playing
4.4375,great reviews
4.4375,great rampup
4.4375,great concepts
4.4375,got swamped
4.4375,got scared
4.4375,got punched
4.4375,get theyre
4.4375,get tedious
4.4375,get scared
4.4375,get past
4.4375,get mad
4.4375,get attached
4.4375,finished playing
4.4375,continue playing
4.434782608695652,unrelated story
4.434782608695652,story telling
4.434782608695652,story fighting
4.434782608695652,story exist
4.434782608695652,steps back
4.434782608695652,step back
4.434782608695652,replenish back
4.434782608695652,dismiss story
4.434782608695652,convoluted story
4.434782608695652,blast back
4.434782608695652,back tracking
4.434782608695652,back track
4.434782608695652,back seat
4.434782608695652,back c
4.433333333333334,much relevance
4.433333333333334,much quieter
4.433333333333334,much pros
4.433333333333334,much padding
4.433333333333334,much heat
4.433333333333334,much beyond
4.4326923076923075,could say
4.428571428571429,walk forward
4.428571428571429,voiceover instead
4.428571428571429,toggleonly since
4.428571428571429,sleeve since
4.428571428571429,single digits
4.428571428571429,problem since
4.428571428571429,point man
4.428571428571429,originally came
4.428571428571429,ludicrous point
4.428571428571429,leverage point
4.428571428571429,less terrifying
4.428571428571429,less exposed
4.428571428571429,keep looking
4.428571428571429,instantly made
4.428571428571429,im saying
4.428571428571429,im afraid
4.428571428571429,halfway point
4.428571428571429,gray corridors
4.428571428571429,give structures
4.428571428571429,fun tool
4.428571428571429,find solutions
4.428571428571429,fair im
4.428571428571429,eyes since
4.428571428571429,dark spaces
4.428571428571429,becomes obvious
4.428571428571429,becomes grating
4.428571428571429,agree since
4.427631578947368,wellmade game
4.427631578947368,wellknown game
4.427631578947368,source game
4.427631578947368,mids game
4.427631578947368,game unoptimized
4.427631578947368,game took
4.427631578947368,game starts
4.427631578947368,game showers
4.427631578947368,game reminds
4.427631578947368,game passed
4.427631578947368,game objectives
4.427631578947368,game may
4.427631578947368,game looking
4.427631578947368,game involves
4.427631578947368,game imagine
4.427631578947368,game files
4.427631578947368,game faster
4.427631578947368,game ended
4.427631578947368,game easier
4.427631578947368,game dumps
4.427631578947368,game drags
4.427631578947368,game died
4.427631578947368,game depending
4.427631578947368,game credit
4.427631578947368,game crawled
4.427631578947368,game clearly
4.427631578947368,game changer
4.427631578947368,game causes
4.427631578947368,game archeologist
4.427631578947368,game according
4.427631578947368,fullpriced game
4.427631578947368,beyondthis game
4.427631578947368,batman game
4.427631578947368,base game
4.423076923076923,also provided
4.423076923076923,also predictable
4.423076923076923,also kind
4.423076923076923,also kills
4.423076923076923,also dies
4.4222222222222225,cant buy
4.421052631578947,well hopefully
4.421052631578947,well acting
4.421052631578947,sarcastically well
4.421052631578947,fits well
4.416666666666666,worry though
4.416666666666666,usually arent
4.416666666666666,times due
4.416666666666666,though slowing
4.416666666666666,nostalgia windows
4.416666666666666,file though
4.416666666666666,far away
4.416666666666666,fantastic atmosphere
4.416666666666666,dead though
4.416666666666666,anything else
4.401960784313726,anything youre
4.4,weak complaint
4.4,wasnt impressed
4.4,vivendis everything
4.4,visual menace
4.4,turn around
4.4,spooky visions
4.4,roaming around
4.4,revolved around
4.4,released suffice
4.4,realistic use
4.4,peek around
4.4,originally played
4.4,nuke goes
4.4,marketing come
4.4,main draw
4.4,light works
4.4,light verbally
4.4,hour mark
4.4,grenade goes
4.4,goes missing
4.4,general everything
4.4,flames around
4.4,fairly warned
4.4,extremely satisfying
4.4,example despite
4.4,dying light
4.4,dear life
4.4,combat scenarios
4.4,combat related
4.4,combat music
4.4,carry around
4.4,areas look
4.4,aimbot literally
4.3991228070175445,shooting people
4.388888888888889,wont play
4.388888888888889,play due
4.384615384615385,slow rate
4.384615384615385,recoverable health
4.384615384615385,permanent health
4.384615384615385,health boosters
4.380952380952381,doesnt show
4.380952380952381,doesnt mesh
4.380952380952381,doesnt intrude
4.380952380952381,doesnt impress
4.380952380952381,doesnt hit
4.380952380952381,doesnt help
4.380952380952381,doesnt deserve
4.380952380952381,best ok
4.378378378378379,time wha
4.378378378378379,time turning
4.378378378378379,time speaking
4.378378378378379,time period
4.378378378378379,time passed
4.378378378378379,time pacing
4.378378378378379,time bull
4.378378378378379,sharp ai
4.378378378378379,recharge time
4.378378378378379,famous ai
4.378378378378379,exceptional ai
4.378378378378379,ai screams
4.378378378378379,ai freedom
4.378378378378379,ai capable
4.378378378378379,ai behaves
4.375,unsatisfying making
4.375,sound identical
4.375,slomo system
4.375,slomo sliding
4.375,slomo power
4.375,slomo fighting
4.375,reset almost
4.375,probably satisfy
4.375,probably pierced
4.375,lot going
4.375,little piece
4.375,little fleshing
4.375,jumped probably
4.375,halfseriously making
4.375,gore effects
4.375,forgettable sound
4.375,entirety making
4.375,enabling slomo
4.375,another wave
4.375,another helicopter
4.375,another example
4.375,almost totally
4.375,actual objective
4.375,actual monsters
4.366666666666667,would skip
4.366666666666667,would reveal
4.366666666666667,would hate
4.366666666666667,would estimate
4.366666666666667,usually shit
4.366666666666667,release would
4.366666666666667,f would
4.366666666666667,eyes would
4.366666666666667,enjoyable due
4.366666666666667,completely shit
4.363636363636363,soooo boring
4.363636363636363,move quicker
4.363636363636363,entire vault
4.363636363636363,entire length
4.363636363636363,entire family
4.363636363636363,boxes move
4.363636363636363,boring mess
4.363636363636363,boring gunfights
4.363636363636363,boring crap
4.357142857142858,irrelevant levels
4.357142857142858,acceptable levels
4.35483870967742,tracking enemies
4.35483870967742,robot enemies
4.35483870967742,enemies somehow
4.35483870967742,enemies refused
4.35483870967742,enemies operate
4.35483870967742,enemies nonstop
4.35483870967742,enemies hit
4.35483870967742,enemies generally
4.35483870967742,eliminate enemies
4.35483870967742,catching enemies
4.35483870967742,blast enemies
4.347222222222222,cant say
4.333333333333334,youve seen
4.333333333333334,youve grown
4.333333333333334,win button
4.333333333333334,weakest enemy
4.333333333333334,track gunplay
4.333333333333334,thats terrible
4.333333333333334,thats purely
4.333333333333334,ten years
4.333333333333334,strange jitter
4.333333333333334,spawn right
4.333333333333334,skillindexed thats
4.333333333333334,sit tight
4.333333333333334,show interest
4.333333333333334,set pieces
4.333333333333334,secondary interest
4.333333333333334,rocket launchers
4.333333333333334,ring plus
4.333333333333334,ring movie
4.333333333333334,right door
4.333333333333334,right direction
4.333333333333334,right corner
4.333333333333334,reflex meter
4.333333333333334,redeeming feature
4.333333333333334,redeemable feature
4.333333333333334,quite unfortunate
4.333333333333334,quite silly
4.333333333333334,quite revolutionary
4.333333333333334,quite difficult
4.333333333333334,quite creative
4.333333333333334,previous reviews
4.333333333333334,previous concepts
4.333333333333334,position allowing
4.333333333333334,players shadow
4.333333333333334,players sanity
4.333333333333334,ordinary right
4.333333333333334,occasionally throw
4.333333333333334,mouse button
4.333333333333334,money might
4.333333333333334,meter fills
4.333333333333334,meh recommendation
4.333333333333334,map luckily
4.333333333333334,lets talk
4.333333333333334,larger resolutions
4.333333333333334,large chunk
4.333333333333334,large amounts
4.333333333333334,lacking gameplay
4.333333333333334,known solutionworkaround
4.333333333333334,issue persists
4.333333333333334,industrial properties
4.333333333333334,hundred youve
4.333333333333334,horrible gameplay
4.333333333333334,hokay okay
4.333333333333334,heart attack
4.333333333333334,hear hi
4.333333333333334,harder difficulties
4.333333333333334,handly giving
4.333333333333334,gunplay starts
4.333333333333334,goons roam
4.333333333333334,giving birth
4.333333333333334,gaming industry
4.333333333333334,gameplay standpoint
4.333333333333334,gameplay conversely
4.333333333333334,fresh air
4.333333333333334,forgettable set
4.333333333333334,fighting feels
4.333333333333334,feels unrewarding
4.333333333333334,feels unnatural
4.333333333333334,feels natural
4.333333333333334,feels jarring
4.333333333333334,feels halfbaked
4.333333333333334,enemy squads
4.333333333333334,enemy shined
4.333333333333334,enemy rinse
4.333333333333334,enemy notices
4.333333333333334,enemy logic
4.333333333333334,enemy communicate
4.333333333333334,endless cycle
4.333333333333334,easily pick
4.333333333333334,drastically overrated
4.333333333333334,disappointment given
4.333333333333334,detracted quite
4.333333333333334,couldnt solve
4.333333333333334,context review
4.333333333333334,console commands
4.333333333333334,complete looking
4.333333333333334,complete darkness
4.333333333333334,clearly monolith
4.333333333333334,boxed version
4.333333333333334,bits welded
4.333333333333334,big disappointment
4.333333333333334,big crime
4.333333333333334,barely used
4.333333333333334,awful solution
4.333333333333334,awful hence
4.333333333333334,asian chick
4.333333333333334,aforementioned reason
4.333333333333334,ads button
4.321428571428571,vivendi first
4.321428571428571,first playthrough
4.321428571428571,first part
4.321428571428571,explain first
4.321428571428571,dont worry
4.321428571428571,dont remember
4.321428571428571,dont prevent
4.321428571428571,dont expect
4.315789473684211,water actually
4.315789473684211,shooting part
4.315789473684211,shooting humans
4.315789473684211,shooting guys
4.315789473684211,shooting gameplaynotably
4.315789473684211,shooting gallery
4.315789473684211,hthe shooting
4.315789473684211,actually spoop
4.315789473684211,actually looking
4.315789473684211,actually lingers
4.315789473684211,actually kills
4.315789473684211,actually harming
4.315789473684211,actually forgotten
4.3125,ten hours
4.3125,marginally interesting
4.3125,interesting part
4.3125,interesting features
4.3125,interesting arenas
4.3125,bloody hours
4.309523809523809,small variety
4.309523809523809,small room
4.309523809523809,rather disappointed
4.3076923076923075,useless two
4.3076923076923075,two ways
4.3076923076923075,two timelines
4.3076923076923075,two dlc
4.3076923076923075,ghostly action
4.3076923076923075,explosive action
4.3076923076923075,dimensions could
4.3076923076923075,could tell
4.3076923076923075,could sit
4.3076923076923075,could force
4.3076923076923075,could doubles
4.3076923076923075,btensionb action
4.3,unsatisfying experience
4.3,thrilling experience
4.3,technologically impressive
4.3,technically impressive
4.3,player whilst
4.3,player blind
4.3,personal experience
4.3,office spaces
4.3,office ceiling
4.3,impressive techinically
4.3,impressive part
4.3,impressive looking
4.3,highest difficulty
4.3,high difficulty
4.3,hardest difficulty
4.3,demanding player
4.3,corporate office
4.3,artificial difficulty
4.294117647058823,vary things
4.294117647058823,things involved
4.294117647058823,things differently
4.294117647058823,go forward
4.294117647058823,example things
4.285714285714286,worth sitting
4.285714285714286,worth praising
4.285714285714286,smokebombs worth
4.285714285714286,seconds staring
4.285714285714286,seconds sequence
4.285714285714286,perfect seconds
4.285714285714286,leaning mechanic
4.285714285714286,lean mechanic
4.285714285714286,bullettime mechanic
4.272727272727273,weapon recoil
4.272727272727273,weapon models
4.272727272727273,starting weapon
4.272727272727273,starter weapon
4.272727272727273,highimpact weapon
4.272727272727273,heavy weapon
4.266666666666667,weird thing
4.266666666666667,way speaking
4.266666666666667,way forward
4.266666666666667,visceral way
4.266666666666667,usual thing
4.266666666666667,thing reading
4.266666666666667,scariest thing
4.266666666666667,challenging way
4.25,year earlier
4.25,wouldnt prioritise
4.25,wouldnt pay
4.25,work done
4.25,uninteresting environments
4.25,trouble running
4.25,tired moments
4.25,technology obviously
4.25,storage rooms
4.25,stakes need
4.25,spoopy element
4.25,soon whittled
4.25,soon destroyed
4.25,sometimes segued
4.25,sometimes cause
4.25,significant amount
4.25,series progressed
4.25,second dlc
4.25,second birthday
4.25,reeeeeally wanted
4.25,prefer using
4.25,plus sometimes
4.25,places however
4.25,parkour everywhere
4.25,overwhelming amount
4.25,obviously influenced
4.25,new recruit
4.25,new models
4.25,new faction
4.25,movement speed
4.25,monotony ill
4.25,minutes repeat
4.25,mind controlling
4.25,make callouts
4.25,make appearances
4.25,looking offices
4.25,jumpscare followed
4.25,ingame characters
4.25,immersion matters
4.25,ill enter
4.25,ididi make
4.25,horrorterror element
4.25,higher amount
4.25,hiding spots
4.25,hiding placethere
4.25,help however
4.25,hell heres
4.25,head using
4.25,havent seen
4.25,guess arent
4.25,grenade sometimes
4.25,fifteen minutes
4.25,fair amount
4.25,face oh
4.25,easy asf
4.25,developers need
4.25,comparison however
4.25,characters role
4.25,camera movement
4.25,camera flying
4.25,breaks immersion
4.25,blood flying
4.25,arent sudden
4.25,arent encouraged
4.25,allowed amount
4.25,absolutely need
4.235294117647059,youre scared
4.235294117647059,youre packing
4.235294117647059,youre looking
4.235294117647059,youre fighting
4.235294117647059,youre curiousits
4.235294117647059,youre curious
4.235294117647059,hitscancentered youre
4.222222222222222,swats cant
4.222222222222222,play style
4.222222222222222,play past
4.222222222222222,next section
4.222222222222222,next area
4.222222222222222,lets play
4.222222222222222,cant pull
4.222222222222222,cant force
4.222222222222222,cant control
4.222222222222222,cant bring
4.214285714285714,best part
4.214285714285714,best example
4.214285714285714,best arenas
4.2,spent waiting
4.2,spectacular enough
4.2,shotgun units
4.2,short cutscenes
4.2,seriously honestly
4.2,ridiculously short
4.2,residential areas
4.2,random static
4.2,random places
4.2,random checkpoint
4.2,rain bullets
4.2,opposing forces
4.2,opinion exept
4.2,open areas
4.2,numbskulls look
4.2,money seriously
4.2,million ghosts
4.2,mentioned locations
4.2,look past
4.2,lets look
4.2,honestly spent
4.2,gauge shotgun
4.2,flashlight usage
4.2,flashlight followed
4.2,extremely useful
4.2,everyone reviews
4.2,everyone dies
4.2,everyone brags
4.2,enough damages
4.2,editor forces
4.2,dust tech
4.2,dust sparks
4.2,boxy locations
4.2,bland part
4.2,biggest let
4.2,biggest complaints
4.2,biggest complaint
4.2,areas repeating
4.166666666666666,wont work
4.166666666666666,variety among
4.166666666666666,usually terrifying
4.166666666666666,tweaks away
4.166666666666666,sent away
4.166666666666666,quickly learn
4.166666666666666,quickly dissipates
4.166666666666666,nostalgia glasses
4.166666666666666,missing anything
4.166666666666666,miserably disappointed
4.166666666666666,mile away
4.166666666666666,kill hundreds
4.166666666666666,kill betrays
4.166666666666666,full playthrough
4.166666666666666,full disclosure
4.166666666666666,failed completely
4.166666666666666,exciting usually
4.166666666666666,delivery room
4.166666666666666,coop kill
4.166666666666666,completely silent
4.166666666666666,completely separate
4.166666666666666,completely quiet
4.166666666666666,completely overdone
4.166666666666666,completely harmless
4.166666666666666,completely dead
4.166666666666666,annoying surely
4.166666666666666,annoying superaccuracy
4.166666666666666,annoying storywise
4.142857142857142,small switch
4.142857142857142,small handguns
4.142857142857142,small amounts
4.142857142857142,rather turdy
4.142857142857142,rather novelty
4.142857142857142,rather irrelevant
4.142857142857142,rather inconveinient
4.142857142857142,danger rather
4.125,safely say
4.125,doubt say
4.111111111111111,real reward
4.111111111111111,real playtime
4.111111111111111,real clue
4.111111111111111,modern systems
4.111111111111111,modern releases
4.111111111111111,modern computers
4.083333333333334,people praise
4.083333333333334,people loved
4.083333333333334,people gush
4.0,written material
4.0,wreak havoc
4.0,wow part
4.0,wouldve seen
4.0,weird ways
4.0,weird hallucination
4.0,weaponry capable
4.0,wb sold
4.0,waswaitnothing scared
4.0,wall waiting
4.0,wall oooh
4.0,waking nightmares
4.0,volume settings
4.0,voice actors
4.0,voice acting
4.0,vent hidden
4.0,vast majority
4.0,utter trash
4.0,user uses
4.0,useful clues
4.0,usable amounts
4.0,upgrade underground
4.0,unknown origin
4.0,unimpressive environments
4.0,unending army
4.0,uneasy ambiance
4.0,understad stories
4.0,underground lair
4.0,underground facilities
4.0,ultimately held
4.0,ultimate example
4.0,trip mine
4.0,trashy sequels
4.0,totally kills
4.0,totally harmless
4.0,tnt exploding
4.0,thrilling musics
4.0,thoughtless ending
4.0,thoughh ye
4.0,theyre timeless
4.0,theyre stepped
4.0,test subject
4.0,technology meant
4.0,tech savvy
4.0,team mate
4.0,supported resolutions
4.0,superior finding
4.0,subsequently contradicted
4.0,strongly enhances
4.0,stretched resolution
4.0,storytelling logs
4.0,store shelves
4.0,steps forward
4.0,steam sale
4.0,steam needing
4.0,steam discussions
4.0,starts becoming
4.0,spasm violently
4.0,sour taste
4.0,sorta effective
4.0,solve combined
4.0,situation ingame
4.0,sit close
4.0,simulate recoil
4.0,simple today
4.0,silent protagonist
4.0,shorter side
4.0,shootouts escalate
4.0,shi situation
4.0,sexually harasses
4.0,screens resulting
4.0,scientist daughter
4.0,scenario specially
4.0,says rtfm
4.0,russian dam
4.0,russian cemetery
4.0,robot guards
4.0,riot gear
4.0,rings samara
4.0,ridiculously noisy
4.0,revelation keeps
4.0,reused assets
4.0,repeat hokay
4.0,remembered thinking
4.0,remember watching
4.0,relentless predators
4.0,release list
4.0,release date
4.0,reflex mode
4.0,reflex boosts
4.0,reached hp
4.0,rarely spring
4.0,randomn enemys
4.0,rampant music
4.0,radio comms
4.0,punch furniture
4.0,pun intended
4.0,pt font
4.0,psychic rampage
4.0,psychic powers
4.0,properly optimized
4.0,predictable ending
4.0,practically invulnerable
4.0,poorest offender
4.0,plus side
4.0,physics engine
4.0,perhaps ifeari
4.0,part hearing
4.0,parking garage
4.0,open circle
4.0,onceoff occurrence
4.0,obstacles smarter
4.0,obligingly line
4.0,nit picks
4.0,needed repeat
4.0,neardeath shootouts
4.0,near impossible
4.0,nameless protagonist
4.0,musical cue
4.0,mouth hope
4.0,mouse support
4.0,monsters inc
4.0,monotonous pacing
4.0,mom dies
4.0,mixed bag
4.0,missile base
4.0,minor zoomin
4.0,minor traits
4.0,minor bugs
4.0,mindless drudge
4.0,mindblowing features
4.0,mildly startling
4.0,middle section
4.0,middle part
4.0,metroid prime
4.0,mercilessly mow
4.0,loud noises
4.0,loop restarts
4.0,longhaired loli
4.0,longer viable
4.0,longer suspend
4.0,logs relating
4.0,logical flaw
4.0,library seeing
4.0,lets call
4.0,lazy work
4.0,latters suspense
4.0,lacks vision
4.0,laboratory hall
4.0,knowing whether
4.0,knew anyone
4.0,jumpscared technique
4.0,invisible guys
4.0,interactive cutscenes
4.0,ingame music
4.0,indepth limit
4.0,inch monitor
4.0,ignorant fans
4.0,iba bitbi
4.0,huge crutch
4.0,horrible architect
4.0,hooded stranger
4.0,honestly reminded
4.0,holy moly
4.0,high expectations
4.0,hidden ventilation
4.0,heavy emphasis
4.0,heavily detracts
4.0,healthreflex boosters
4.0,hasnt held
4.0,happened twice
4.0,handle hordes
4.0,halo httpsstoresteampoweredcomapphalocombatevolvedanniversary
4.0,hairs stand
4.0,guys un
4.0,guys picked
4.0,groan inducing
4.0,grind credit
4.0,gray early
4.0,gradually feeding
4.0,genuinely excited
4.0,genuinely enjoying
4.0,genuinely disturbing
4.0,general rubbish
4.0,general fan
4.0,gd scht
4.0,gameh honestly
4.0,frustratingly labrynthine
4.0,freaking clue
4.0,forensic tools
4.0,forcefull addition
4.0,favourite among
4.0,fallen comrades
4.0,faceless goons
4.0,engaged oh
4.0,ends awfully
4.0,emotionally guarded
4.0,elaborated upon
4.0,dump exposition
4.0,drink water
4.0,drawnout joke
4.0,downright laughable
4.0,devs part
4.0,development cycle
4.0,developers needed
4.0,destruction physics
4.0,destructible environmentscovers
4.0,default state
4.0,decide whether
4.0,decade prior
4.0,dead space
4.0,dangerous environment
4.0,cut screnes
4.0,cruise ship
4.0,crappy ar
4.0,countless iterations
4.0,coollooking jumps
4.0,coolest part
4.0,controls leave
4.0,consuming lot
4.0,constant skirmishes
4.0,considerable concept
4.0,compromising situations
4.0,completions sake
4.0,comic relief
4.0,closed doors
4.0,cloaker cause
4.0,clear explanation
4.0,clear distinction
4.0,cinematic epic
4.0,chore needed
4.0,choice words
4.0,celebrate nowadays
4.0,cave system
4.0,cardboardlooking environments
4.0,camera located
4.0,busy waiting
4.0,brian dead
4.0,brain food
4.0,bother proceeding
4.0,booty mode
4.0,boosters collected
4.0,blurred environment
4.0,bloody envirnoment
4.0,bloody aftermath
4.0,blood splatter
4.0,blatantly rushed
4.0,bioshocks splicers
4.0,bat bactionb
4.0,barely stands
4.0,barely sit
4.0,barely read
4.0,baction tensionb
4.0,available via
4.0,audio stings
4.0,audio bugs
4.0,art direction
4.0,area couldve
4.0,arctic tundra
4.0,arbitrarily removed
4.0,appropriately difficult
4.0,apparent warning
4.0,alien isolation
4.0,advancing cautiously
4.0,aaa companies
